Keyword,Max CPC bid
"hair extensions seattle",$8.00
"hair extensions seattle wa",$7.00
"best hair extensions seattle",$9.00
"hair extension specialist seattle",$10.00
"natural looking hair extensions seattle",$9.00
"seattle hair extensions",$7.00
"hair extensions specialist near me",$9.00
"keratin bond extensions seattle",$8.00
"keratin extensions seattle",$8.00
"keratin tip extensions seattle",$7.00
"i tip extensions seattle",$7.00
"keratin hair extensions",$6.00
"hand tied extensions seattle",$7.00
"hand tied hair extensions seattle",$7.00
"beaded weft extensions seattle",$6.00
"weft extensions seattle",$5.00
"hand tied weft extensions",$6.00
"tape in extensions seattle",$6.00
"tape in hair extensions seattle",$6.00
"tape extensions seattle",$5.00
"tape in extensions near me",$7.00
"best tape in extensions seattle",$7.00
"hair extensions for thin hair",$8.00
"hair extensions for fine hair",$8.00
"extensions for thin hair seattle",$9.00
"hair extensions that look natural",$8.00
"natural hair extensions",$6.00
